Sampling Method,Classifier Model,Log Loss,Macro Accuracy,Macro Precision,Macro Recall,Macro F1-score,Macro FPR,Macro ROC-AUC,Validation Folds
SMOTE-Tomek,Decision Tree,0.06902647973085144,0.9991259335860517,0.8385432513360966,0.8909858929132557,0.838338282165342,0.0005077242792715561,0.9499433956993991,5
SMOTE-Tomek,KNN,0.3831875575989454,0.9960701101320705,0.6353536021821187,0.8067553231417094,0.6707218414561668,0.002718827746555894,0.9083379787568024,5
SMOTE-Tomek,Logistic Regression,0.8253261383328189,0.9296874462100483,0.36863206519700276,0.6591760899690167,0.33065075939172817,0.04413796093215152,0.9326904981394198,5
SMOTE-Tomek,Random Forest,0.01421246136613088,0.9991995678113239,0.8242174453815323,0.8459878235541343,0.817133180478834,0.0004640968457014937,0.9977381825154212,5
SMOTE-Tomek,Soft Voting Ensemble,0.01447500981250594,0.9992602481109503,0.8441909961245546,0.8766723959866747,0.8430619624593148,0.0004266779068869251,0.9997882973214557,5
SMOTE-Tomek,Stacking Ensemble,0.011736425090264822,0.9992875200975417,0.8635019163389973,0.871957488596274,0.8478383977187507,0.00040648059467709996,0.9889840132599215,5
SMOTE-Tomek,XGBoost,0.010436732953661399,0.9991463876666409,0.8594485306323157,0.8927156161652958,0.8452574944296444,0.00048685452967281716,0.9998110760127332,5
