Split,Model,Sampling Method,Classifier Model,Final Train-Val Rows Before Sampling,Final Train-Val Rows After Sampling,Final Test Rows,Final Feature Count,Class,Accuracy,Precision,Recall,F1-score,FPR,Support
Final Test,Stacking,SMOTE-Tomek,Stacking Ensemble,366677,762178,157148,16,Benign,0.9992172983429634,0.9987047073661247,0.9971072692621835,0.9979053490233477,0.00029742337434645125,29384
Final Test,Stacking,SMOTE-Tomek,Stacking Ensemble,366677,762178,157148,16,Bot,0.9997772800162904,0.956882255389718,0.984641638225256,0.9705634987384356,0.0001660683946296036,586
Final Test,Stacking,SMOTE-Tomek,Stacking Ensemble,366677,762178,157148,16,Brute Force,0.9982627841270649,0.9869652406417112,0.926576717916536,0.9558180935426445,0.000253310903410604,3187
Final Test,Stacking,SMOTE-Tomek,Stacking Ensemble,366677,762178,157148,16,DDoS,0.9997009188790185,0.9997824465440079,0.9997306620533911,0.9997565536281279,0.00034644889878742883,96533
Final Test,Stacking,SMOTE-Tomek,Stacking Ensemble,366677,762178,157148,16,Infiltrations,0.999987273143788,1.0,0.8181818181818182,0.9,0.0,11
Final Test,Stacking,SMOTE-Tomek,Stacking Ensemble,366677,762178,157148,16,Port Scan,0.9997836434443964,0.9994493796343881,0.999302649930265,0.9993760093965643,0.0001154716632538375,27246
Final Test,Stacking,SMOTE-Tomek,Stacking Ensemble,366677,762178,157148,16,SQL-Injection,0.9999681828594701,0.5714285714285714,0.6666666666666666,0.6153846153846154,1.9091013223708492e-05,6
Final Test,Stacking,SMOTE-Tomek,Stacking Ensemble,366677,762178,157148,16,XSS,0.9980718812838852,0.3744186046511628,0.8256410256410256,0.5152,0.0017138888711907387,195
