Model,Sampling Method,Precision,Recall,F1-score,FPR,Support
Stacking,SMOTE-Tomek,0.9869652406417112,0.926576717916536,0.9558180935426445,0.000253310903410604,3187
