Sampling Method,Classifier Model,Log Loss,Macro Accuracy,Macro Precision,Macro Recall,Macro F1-score,Macro FPR,Macro ROC-AUC,Validation Folds
No Sampling,Decision Tree,0.06931408594778836,0.999196840851597,0.8004723966224722,0.8809244153110974,0.8202084748988445,0.00048413326750292344,0.9435447671073727,5
SMOTE,Decision Tree,0.07146477082192496,0.9991102521242669,0.8286007817526876,0.8841089213710356,0.8298919799854249,0.0005193345732504572,0.946019493297848,5
SMOTE-Tomek,Decision Tree,0.06902647973085144,0.9991259335860517,0.8385432513360966,0.8909858929132557,0.838338282165342,0.0005077242792715561,0.9499433956993991,5
Tomek,Decision Tree,0.07013996222672793,0.9992643388805833,0.7964720611740878,0.8642620170409572,0.8120205736626623,0.0004498282327363349,0.9341914510501068,5
