Sampling Method,Classifier Model,Log Loss,Macro F1-score,BF F1,BF Recall
SMOTE-Tomek,Decision Tree,0.06902647973085144,0.838338282165342,0.9483511401175653,0.9214525891055818
SMOTE-Tomek,KNN,0.3831875575989454,0.6707218414561668,0.9323279127814571,0.9218560860793545
SMOTE-Tomek,Logistic Regression,0.8253261383328189,0.33065075939172817,0.49128205726850893,0.6591795561533289
SMOTE-Tomek,Random Forest,0.01421246136613088,0.817133180478834,0.9478169317263385,0.9151311365164763
SMOTE-Tomek,Soft Voting Ensemble,0.01447500981250594,0.8430619624593148,0.9500332494384622,0.9183591123066577
SMOTE-Tomek,Stacking Ensemble,0.011736425090264822,0.8478383977187507,0.9505526563428619,0.9233355749831876
SMOTE-Tomek,XGBoost,0.010436732953661399,0.8452574944296444,0.940769276994946,0.8930733019502354
